<?xml version="1.0" encoding="UTF-8"?>
<!DOCTYPE hibernate-mapping PUBLIC
          "-//Hibernate/Hibernate Mapping DTD 3.0//EN"
          "http://hibernate.sourceforge.net/hibernate-mapping-3.0.dtd">
<hibernate-mapping>
	<class name="com.customerportal.bean.Account" table="Account">
		<id name="id">
			<column name="Id" />
		</id>
		<property name="name" column="Name" />
		<property name="fid" column="FID__C" />
		<property name="street" column="BillingStreet" />
		<property name="city" column="BillingCity" />
		<property name="state" column="BillingState" />
		<property name="postalCode" column="BillingPostalCode" />
		<property name="facilityOperatorPOA" column="Facility_Operator_POA__c" />
		<property name="propertyOwnerPOA" column="Property_Owner_POA__c" />
		<property name="ustOwnerPOA" column="UST_Owner_POA__c" />
		<property name="operatorAffidevitOfLease" column="Operator_Affidevit_of_Lease__c" />
		<property name="ownerAffidevitOfLease" column="Owner_Affidavit_Of_Lease__c" />
		<property name="sosStatus" column="SOS_Status__c" />
		<property name="notificationDueDate" column="due_Date__c" />
		<property name="notificationFormSubmitted" column="Notification_form_Submitted__c" />
		<property name="propertyDeedLandContract" column="Property_Deed_Land_Contract__c" />
		<property name="taxIDInformation" column="Tax_ID_Information__c" />
		<property name="letterOfNetworthCertification" column="Letter_of_Networth_Certificate_of_INsure__c" />
		<property name="operatorLeaseAgreement" column="Operator_Lease_Agreement__c" />
		<property name="lineAndLeakDetector" column="Line_and_Leak_Detector_Test__c" />
		<property name="isLnlDetrTstRequrd" column="Is_LnL_Detr_Tst_requrd__c" />
		<property name="cathodicProtection" column="Cathodic_Protection__c" />
		<property name="isCprequired" column="Is_CP_required__c" />
		<property name="operatorAcertificate" column="Operator_A_certificate__c" />
		<property name="operatorBcertificate" column="Operator_B_certificate__c" />
		<property name="operatorCcertificate" column="Operator_C_certificate__c" />
		<property name="tankTestingReport" column="Tank_Testing_Report__c" />
		<property name="repairDocuments" column="Repair_Documents__c" />
		<property name="isTankTestingReportRequired" column="Is_Tank_Testing_Report_Required__c" />
		<property name="isRepairDocumentRequired" column="Are_Repair_Documents_Required__c" />
		<property name="releaseDetectionReport" column="Release_Detection_Report__c" />
		<property name="isReleaseDetectionReportRequired" column="Is_Release_Detection_Report_Required__c" />
		<property name="internalLiningInspection" column="Internal_Lining_Inspection__c" />
		<property name="isInternalLiningInspectionRequired" column="Is_IL_Inspection_Required__c" />
		<property name="operator_c" column="Operator_c__c" />
		<property name="accountType" column="Account_Type__c" />
		<property name="facilityBrand" column="Facility_Brand__c" />
		<property name="complaint" column="Compliant__c" />
		<property name="doNotTriggerEmail" column="Do_not_Trigger_emails__c" />
		<property name="parentName" column="Parent_Name__c" />
		<property name="billingAddress" column="BillingAddress" />
		<property name="email" column="Email__c" />
		<property name="phone" column="Phone" />
		<property name="isActive" column="Is_Active__c" />
		<property name="companyContact" column="Company_Contact__c" />
		<property name="clientContact" column="Client_Contact__c" />
		<property name="dueDate" column="due_Date_c" />
		<property name="vendorType" column="Vendor_Type__c" />
		<property name="gtProjectManagerPhone" column="GT_Project_Manager_Phone__c" />
		<property name="gtProjectManager" column="GT_Project_Manager__c" />
		<property name="missingInformationNotes" column="Missing_Information_Notes__c" />
		<property name="isATGRepairRequired" column="Is_ATG_Repair_Required__c" />
		<property name="isATGTestRequired" column="Is_ATG_Test_Required__c" />
		<property name="isDeedOrLCRequired" column="Is_Deed_or_LC_Required__c" />
		<property name="isDropTubeRepairRequired" column="Is_Drop_Tube_Repair_Required__c" />
		<property name="isGTCompliant" column="Is_GT_Compliant__c" />
		<property name="isMonthlyWalkThroughInspection" column="Is_Monthly_Walk_Through_Inspection__c" />
		<property name="isNFCompliant" column="Is_NF_Compliant__c" />
		<property name="isOLARequired" column="Is_OLA_Required__c" />
		<property name="isPropertyForSale" column="Is_Property_for_Sale__c" />
		<property name="isSirRequired" column="Is_SIR_Required__c" />
		<property name="isSpillBucketRepairRequired" column="Is_Spill_Bucket_Repair_Required__c" />
		<property name="isSumpMaintenanceRequired" column="Is_Sump_Maintenance_Required__c" />
		<property name="osTankInformationAvailable" column="Is_tank_information_available__c" />
		<property name="isUDCMaintenanceRequired" column="Is_UDC_Maintenance_Required__c" />
		<property name="lastFormalEnforcement" column="Last_Formal_Enforcement__c" />
		<property name="lastInformalEnforcement" column="Last_Informal_Enforcement__c" />
		<property name="lastInspectionDate" column="Last_Inspection_Date__c" />
		<property name="lastSiteClosure" column="Last_Site_Closure_Date__c" />
		<property name="lastPenaltyAmount" column="Last_Penalty_Amount__c" />
		<property name="lastPenaltyDate" column="Last_Penalty_Date__c" />
		<property name="latitude" column="Latitude__c" />
		<property name="leaseDocumentURl" column="Lease_Document_URL__c" />
		<property name="leaseEndDate" column="Lease_End_Date__c" />
		<property name="leaseStartDate" column="Lease_Start_Date__c" />
		<property name="leaseType" column="Lease_Type__c" />
		<property name="lldTestReimbursement" column="LLD_Test_Reimbursement__c" />
		<property name="longitude" column="Longitude__c" />
		<property name="lonOrCOIExpiryDate" column="LON_or_COI_Expiry_Date__c" />
		<property name="lustIncidentNumber" column="LUST_Incident_Number__c" />
		<property name="lustDocumentLink" column="LUST_Document_Link__c" />
		<property name="lustLastUpdate" column="LUST_Last_Update__c" />
		<property name="lustProjectManager" column="LUST_Project_Manager__c" />
		<property name="lustReleaseDate" column="Lust_Release_Date__c" />
		<property name="MgtCompany" column="MGT_Company__c" />
		<property name="mgt" column="MGT__c" />
		<property name="mgtEndDate" column="MGT_End_Date__c" />
		<property name="mgtStartDate" column="MGT_Start_Date__c" />
		<property name="mobile" column="Mobile__c" />
		<property name="monthlyBaseRent" column="Monthly_Base_Rent__c" />
		<property name="monthlyCam" column="Monthly_CAM__c" />
		<property name="monthlyInsurance" column="Monthly_Insurance__c" />
		<property name="monthlyOthers" column="Monthly_Others__c" />
		<property name="monthlySignPylon" column="Monthly_Sign_Pylon__c" />
		<property name="monthlyTaxes" column="Monthly_Taxes__c" />
		<property name="monthlyWalkThroughReport" column="Monthly_Walk_Through_Report__c" />
		<property name="ncQuarters" column="NC_Quarters__c" />
		<property name="ofELTFClaims" column="of_ELTF_Claims__c" />
		<property name="noOfTanks" column="No_Of_tanks__c" />
		<property name="notificationForm" column="Notification_Form__c" />
		<property name="notificationFormApproved" column="Notification_form_Approved__c" />
		<property name="operatingAreas" column="Operating_Areas__c" />
		<property name="ustOwnerBusinessRegistration" column="UST_Owner_Business_Registration__c" />
		<property name="isPipingCPRequired" column="Is_Piping_CP_Required__c" />
		<property name="pipingCathodicProtection" column="Piping_Cathodic_Protection__c" />
		<property name="dropTubeRepairDocument" column="Drop_Tube_Repair_Document__c" />
		<property name="isTankInterstitialMonitoringRequired" column="Is_Tank_Interstitial_Monitoring_Required__c" />
		<property name="tankInterstitialMonitoring" column="Tank_Interstitial_Monitoring__c" />
		<property name="isPipeInterstitialMontoringRequired" column="Is_Pipe_Interstitial_Monitoring_Required__c" />
		<property name="pipinginterstitialMonitoring" column="Piping_Interstitial_Monitoring__c" />
		<property name="atgTestReport" column="ATG_Test_Report__c" />
		<property name="atgRepairReport" column="ATG_Repair_Report__c" />
		<property name="ustOwnerTaxId" column="UST_Owner_Tax_ID__c" />
		<property name="isUSTOwnerTaxId" column="Is_UST_Owner_Tax_ID__c" />
		<property name="propertyOwnerTaxId" column="Property_Owner_Tax_ID__c" />
		<property name="isPropertyOwnerTaxId" column="Is_Property_Owner_Tax_ID__c" />
		<property name="operatorOwnerTaxId" column="Operator_Owner_Tax_ID__c" />
		<property name="isOperatorOwnerTaxId" column="Is_Operator_Owner_Tax_ID__c" />
		<property name="deedOrLandContract" column="Deed_or_Land_Contract__c" />
		<property name="typeOfNotificationFormRequired" column="Type_of_Notification_Form_Required__c" />
		<property name="financialResponsibility" column="Financial_Responsibility__c" />
		<property name="isFinancialResponsibility" column="Is_Financial_Responsibility__c" />
		<property name="operatorLeaseAgreementNew" column="Operator_Lease_Agreement_new__c" />
		<property name="isOperatorLeaseAgreement" column="Is_Operator_Lease_Agreement__c" />
		<property name="isOwnerBusinessRegistration" column="Is_UST_Owner_Business_Registration__c" />
		<property name="propertyOwnerBusinessRegistration" column="Property_Owner_Business_Registration__c" />
		<property name="isPropertyOwnerBusinessRegistration" column="Is_Property_Owner_Business_Registration__c" />
		<property name="operatorBusinessRegistration" column="Operator_Business_Registration__c" />
		<property name="isOperatorBusinessRegistration" column="Is_Operator_Business_Registration__c" />
		<property name="tankMonitorStaticIP" column="Tank_Monitor_Static_IP__c" />
		<property name="isTankMonitorStaticIP" column="Is_Tank_Monitor_Static_IP__c" />
		<property name="sirReport" column="SIR_Report__c" />
		<property name="udcMaintenanceDocument" column="UDC_Maintenance_Document__c" />
		<property name="sumpMaintenanceDocument" column="Sump_Maintenance_Document__c" />
		<property name="spillBucketRepairDocument" column="Spill_Bucket_Repair_Document__c" />
		<property name="spillBucketTestingDocument" column="Spill_Bucket_Testing_Document__c" />
		<property name="isSpillBucketTestingDocument" column="Is_Spill_Bucket_Testing_Required__c" />
		
		<property name="documentLink" column="USSBOA_Documents_Link__c" />
		<property name="facilitySiteMap" column="Facility_Site_Map_New__c" />
		<property name="isFacilitySiteMap" column="Is_Facility_Site_Map__c" />
		<property name="cofaLink" column="COFA_Link__c" />
	</class>
</hibernate-mapping>