<?xml version="1.0" encoding="UTF-8"?>
<!DOCTYPE hibernate-mapping PUBLIC
          "-//Hibernate/Hibernate Mapping DTD 3.0//EN"
          "http://hibernate.sourceforge.net/hibernate-mapping-3.0.dtd">
<hibernate-mapping>
	<class name="com.customerportal.bean.Leaktestresults" table="leaktestresults__c">
		<id name="id">
			<column name="Id" />
		</id>
		<property name="name" column="Name" />
		<property name="date__c" column="Date__c" />
		<property name="facility__c" column="Facility__c" />
		<property name="hours__c" column="HOURS__c" />
		<property name="rate__c" column="RATE__c" />
		<property name="result__c" column="RESULT__c" />
		<property name="starttime__c" column="STARTTIME__c" />
		<property name="tank__c" column="TANK__c" />
		<property name="testtype__c" column="TESTTYPE__c" />
		<property name="type__c" column="Type__c" />
		<property name="volume__c" column="VOLUME__c" />
		<property name="fid__c" column="FID__c" />
		<property name="viewed" column="viewed" />
	</class>
</hibernate-mapping>