<?xml version="1.0" encoding="UTF-8"?>
<!DOCTYPE hibernate-mapping PUBLIC
          "-//Hibernate/Hibernate Mapping DTD 3.0//EN"
          "http://hibernate.sourceforge.net/hibernate-mapping-3.0.dtd">
<hibernate-mapping>
 <class name="com.customerportal.bean.LoginHistory" table="loginhistory">
   <id name="id">
   <column name="id"  />
  </id>
  <property name="userId" column="userId"  />
  <property name="loginTime" column="loginTime"  />	
  <property name="fromApp" column="fromApp"  />	
 </class>
</hibernate-mapping>