<?xml version="1.0" encoding="UTF-8"?>
<!DOCTYPE hibernate-mapping PUBLIC
          "-//Hibernate/Hibernate Mapping DTD 3.0//EN"
          "http://hibernate.sourceforge.net/hibernate-mapping-3.0.dtd">
<hibernate-mapping>
 <class name="com.customerportal.bean.TankMonitorSignup" table="tank_monitor_signup">
 		<id name="fid">
			<column name="FID__C" />
		</id>
  <property name="ipAddress" column="ipAddress"  />
  <property name="name" column="Name"  />
  <property name="address" column="address"  />		
 </class>
</hibernate-mapping>